"day","total_requests"
2023-04-14,373
2020-03-20,375
2024-12-21,384
2023-08-21,390
2022-10-08,394
2025-01-09,395
2023-04-07,396
2021-01-02,398
2024-07-01,398
2020-10-16,400
2024-12-05,401
2025-09-21,401
2025-11-17,401
2025-06-04,402
2024-07-15,403
2021-05-18,405
2025-09-18,406
2022-10-09,407
2023-08-19,407
2021-05-15,408
2024-06-05,408
2022-03-23,409
2024-09-28,409
2020-02-21,410
2020-08-31,410
2023-05-17,410
2024-02-10,410
2025-04-05,410
2023-02-14,411
2023-03-17,411
2024-11-16,411
2025-09-27,411
2020-10-05,412
2021-04-23,412
2022-04-17,412
2024-03-27,412
2024-04-30,412
2025-09-05,412
2021-02-02,413
2022-04-06,413
2022-11-23,413
2023-04-22,413
2025-05-20,413
2020-06-26,414
2023-06-19,414
2024-03-19,414
2025-12-30,414
2022-10-14,415
2022-12-28,415
2023-03-09,415
2023-09-08,415
2024-04-02,415
2023-03-21,416
2023-05-22,416
2023-08-07,416
2024-09-25,416
2020-04-13,417
2020-05-24,417
2021-10-27,417
2023-08-16,417
2024-04-11,417
2025-07-13,417
2025-09-29,417
2025-12-06,417
2020-05-25,418
2020-06-16,418
2020-08-12,418
2020-11-11,418
2021-11-17,418
2023-06-27,418
2023-08-24,418
2024-01-27,418
2020-02-02,419
2020-04-30,419
2021-03-06,419
2021-05-26,419
2023-06-29,419
2023-10-13,419
2024-05-28,419
2025-07-19,419
2021-04-21,420
2021-06-11,420
2021-06-25,420
2021-07-14,420
2021-08-31,420
2021-09-30,420
2021-10-25,420
2022-03-21,420
2024-01-20,420
2024-07-17,420
2024-09-17,420
2024-12-02,420
2025-03-03,420
2025-04-19,420
2025-07-05,420
2025-07-17,420
2025-09-13,420
2025-11-01,420
2020-01-19,421
2020-03-13,421
2020-04-06,421
2020-09-12,421
2021-01-12,421
2021-01-21,421
2021-03-22,421
2021-04-25,421
2023-01-21,421
2020-12-04,422
2021-06-26,422
2021-11-05,422
2021-12-20,422
2022-04-14,422
2022-04-18,422
2024-01-11,422
2025-01-20,422
2025-07-28,422
2020-02-04,423
2020-06-13,423
2021-05-08,423
2021-08-17,423
2022-01-01,423
2022-12-12,423
2023-05-04,423
2023-05-05,423
2023-12-17,423
2024-07-27,423
2025-03-13,423
2025-04-06,423
2025-10-06,423
2020-02-22,424
2021-10-16,424
2022-01-02,424
2022-05-12,424
2022-07-01,424
2022-11-02,424
2023-03-20,424
2023-06-11,424
2023-07-11,424
2024-01-18,424
2024-03-14,424
2024-04-29,424
2024-12-19,424
2025-08-02,424
2025-08-03,424
2025-10-11,424
2020-08-27,425
2020-09-05,425
2021-04-12,425
2021-07-06,425
2021-09-22,425
2022-03-07,425
2022-09-03,425
2022-10-11,425
2023-01-17,425
2024-09-23,425
2025-09-19,425
2025-11-02,425
2020-01-04,426
2021-02-17,426
2021-04-26,426
2021-06-30,426
2022-01-23,426
2022-03-01,426
2023-01-12,426
2023-07-03,426
2024-01-14,426
2024-03-29,426
2024-11-25,426
2025-02-18,426
2025-06-12,426
2025-12-27,426
2020-01-15,427
2020-08-01,427
2021-12-09,427
2022-01-06,427
2022-02-04,427
2022-03-03,427
2022-05-04,427
2022-06-26,427
2023-03-14,427
2025-06-24,427
2025-07-27,427
2025-09-17,427
2025-11-15,427
2020-10-31,428
2021-04-20,428
2021-05-12,428
2022-08-18,428
2022-09-22,428
2024-05-27,428
2024-07-16,428
2025-07-25,428
2025-09-28,428
2025-11-16,428
2020-02-25,429
2020-03-10,429
2020-04-28,429
2020-07-19,429
2020-09-17,429
2020-11-22,429
2021-07-13,429
2021-07-31,429
2021-08-01,429
2022-05-13,429
2022-08-03,429
2022-10-13,429
2023-07-20,429
2025-08-28,429
2020-07-20,430
2020-10-02,430
2021-02-08,430
2021-05-27,430
2021-09-10,430
2022-03-22,430
2022-04-15,430
2022-07-07,430
2023-01-05,430
2023-04-29,430
2023-05-01,430
2023-05-07,430
2023-12-12,430
2025-03-05,430
2025-05-29,430
2025-08-20,430
2025-09-10,430
2020-07-16,431
2021-01-09,431
2021-01-15,431
2021-02-16,431
2021-02-21,431
2021-06-16,431
2021-09-24,431
2022-03-18,431
2022-07-08,431
2022-07-10,431
2023-01-27,431
2023-11-18,431
2024-08-01,431
2024-10-15,431
2024-10-21,431
2025-01-30,431
2025-06-26,431
2025-08-27,431
2025-11-12,431
2020-05-17,432
2020-05-30,432
2020-12-25,432
2021-03-20,432
2021-08-18,432
2022-03-19,432
2022-05-31,432
2023-11-13,432
2023-12-09,432
2023-12-23,432
2024-06-13,432
2025-01-06,432
2025-01-08,432
2025-02-24,432
2025-03-14,432
2025-04-24,432
2025-09-01,432
2025-12-21,432
2020-06-06,433
2020-06-27,433
2020-07-26,433
2020-09-20,433
2021-08-15,433
2021-09-07,433
2021-09-23,433
2022-03-16,433
2022-05-18,433
2022-08-07,433
2022-08-17,433
2023-01-31,433
2023-02-05,433
2023-04-15,433
2023-07-16,433
2023-10-08,433
2023-10-24,433
2023-12-07,433
2024-03-31,433
2024-09-03,433
2024-10-29,433
2025-06-15,433
2025-07-07,433
2025-08-21,433
2020-05-19,434
2020-12-10,434
2021-02-13,434
2021-05-03,434
2021-05-06,434
2021-05-09,434
2021-05-17,434
2021-11-26,434
2022-03-11,434
2022-06-07,434
2022-07-21,434
2023-03-22,434
2023-04-23,434
2023-06-05,434
2023-06-12,434
2023-11-03,434
2024-01-13,434
2024-01-23,434
2024-04-14,434
2024-08-05,434
2024-09-12,434
2024-12-04,434
2025-02-05,434
2025-06-21,434
2025-11-07,434
2020-02-10,435
2020-03-09,435
2020-05-09,435
2020-07-07,435
2020-10-20,435
2021-08-09,435
2021-09-11,435
2021-10-13,435
2021-12-11,435
2022-05-14,435
2022-07-12,435
2023-01-24,435
2023-02-08,435
2023-02-21,435
2023-07-24,435
2023-09-11,435
2023-09-29,435
2023-11-14,435
2023-12-18,435
2024-04-09,435
2024-04-19,435
2024-04-24,435
2024-06-09,435
2024-10-01,435
2024-12-30,435
2025-04-14,435
2025-11-06,435
2025-12-23,435
2020-01-23,436
2020-07-18,436
2021-05-07,436
2021-06-09,436
2021-07-08,436
2022-02-19,436
2022-04-02,436
2022-04-20,436
2022-06-01,436
2022-06-12,436
2022-08-30,436
2022-09-15,436
2022-11-06,436
2023-02-25,436
2023-06-08,436
2023-08-09,436
2023-09-30,436
2023-10-01,436
2023-12-30,436
2025-01-25,436
2025-02-14,436
2025-02-21,436
2025-09-26,436
2020-03-04,437
2020-10-27,437
2021-03-27,437
2021-04-27,437
2021-07-17,437
2021-08-29,437
2021-09-15,437
2022-04-19,437
2022-04-25,437
2022-06-20,437
2022-06-24,437
2023-02-06,437
2023-04-24,437
2023-06-18,437
2023-06-23,437
2023-07-04,437
2023-09-17,437
2023-09-19,437
2023-10-28,437
2023-12-26,437
2024-02-05,437
2024-03-10,437
2024-06-25,437
2025-05-30,437
2025-07-16,437
2025-08-07,437
2025-08-24,437
2020-01-10,438
2020-01-13,438
2020-11-19,438
2020-11-24,438
2021-08-11,438
2021-11-15,438
2022-11-15,438
2023-01-13,438
2023-04-10,438
2023-06-13,438
2023-07-29,438
2023-08-22,438
2024-02-14,438
2024-02-17,438
2024-03-28,438
2024-06-12,438
2024-08-10,438
2024-10-18,438
2024-12-01,438
2025-06-03,438
2025-09-24,438
2025-10-02,438
2020-03-01,439
2020-09-24,439
2020-11-27,439
2021-02-22,439
2021-10-12,439
2021-12-18,439
2022-01-26,439
2022-02-17,439
2022-06-17,439
2022-06-25,439
2022-08-12,439
2022-12-20,439
2023-04-13,439
2023-04-21,439
2023-05-26,439
2023-07-17,439
2023-07-28,439
2023-08-06,439
2023-09-07,439
2023-09-16,439
2023-11-22,439
2024-02-16,439
2024-04-06,439
2024-04-10,439
2024-06-18,439
2024-08-22,439
2024-10-13,439
2024-10-19,439
2024-12-20,439
2025-01-29,439
2025-04-16,439
2025-06-08,439
2025-06-30,439
2025-07-15,439
2025-09-04,439
2025-09-11,439
2025-09-25,439
2025-11-04,439
2025-12-26,439
2020-01-11,440
2020-01-12,440
2020-04-18,440
2020-06-05,440
2020-08-04,440
2021-04-06,440
2021-08-23,440
2021-10-04,440
2021-10-24,440
2021-11-02,440
2021-11-16,440
2022-07-16,440
2022-08-24,440
2022-09-28,440
2022-12-13,440
2023-05-06,440
2023-06-09,440
2023-09-04,440
2023-11-09,440
2024-02-02,440
2024-03-01,440
2024-04-13,440
2024-04-26,440
2024-04-27,440
2024-08-29,440
2025-10-08,440
2025-10-19,440
2025-12-12,440
2020-03-30,441
2020-07-31,441
2020-11-13,441
2021-07-18,441
2022-02-05,441
2022-02-16,441
2022-03-05,441
2022-08-01,441
2023-03-29,441
2023-08-18,441
2024-01-08,441
2024-01-28,441
2024-03-09,441
2024-05-29,441
2024-06-06,441
2024-09-14,441
2025-01-14,441
2025-01-24,441
2025-02-23,441
2025-06-29,441
2025-07-02,441
2025-07-18,441
2025-08-23,441
2025-09-06,441
2020-01-30,442
2020-02-27,442
2020-04-01,442
2020-04-03,442
2020-07-05,442
2020-09-06,442
2020-12-15,442
2021-01-04,442
2021-06-17,442
2021-11-20,442
2021-12-13,442
2022-01-11,442
2022-02-27,442
2022-03-31,442
2022-07-15,442
2022-09-02,442
2022-11-10,442
2022-12-17,442
2023-01-26,442
2023-03-16,442
2023-04-01,442
2023-05-23,442
2023-06-06,442
2023-07-01,442
2023-09-21,442
2023-10-20,442
2023-11-24,442
2024-02-23,442
2024-06-11,442
2024-10-27,442
2024-10-31,442
2024-11-21,442
2024-12-23,442
2024-12-27,442
2025-01-21,442
2025-08-13,442
2025-11-09,442
2020-01-05,443
2020-03-18,443
2020-05-15,443
2020-07-29,443
2021-01-07,443
2021-03-28,443
2021-06-01,443
2021-06-07,443
2021-06-10,443
2021-08-24,443
2021-10-22,443
2021-12-26,443
2022-01-04,443
2022-02-22,443
2022-05-07,443
2022-05-27,443
2022-06-09,443
2022-06-11,443
2022-07-03,443
2022-08-15,443
2023-01-08,443
2023-02-17,443
2023-02-24,443
2023-05-11,443
2023-10-06,443
2024-01-25,443
2024-04-07,443
2024-05-06,443
2024-06-02,443
2024-11-18,443
2025-02-16,443
2025-02-17,443
2025-02-27,443
2025-04-20,443
2025-09-15,443
2025-10-24,443
2025-10-27,443
2020-02-01,444
2020-08-02,444
2020-08-22,444
2020-11-23,444
2020-12-28,444
2021-01-01,444
2021-03-18,444
2021-04-03,444
2021-06-20,444
2021-07-24,444
2021-09-16,444
2022-04-28,444
2022-09-27,444
2022-09-30,444
2022-10-17,444
2022-10-18,444
2023-01-03,444
2023-03-12,444
2023-03-26,444
2023-04-16,444
2023-08-01,444
2023-10-05,444
2023-10-14,444
2023-12-16,444
2024-09-09,444
2024-11-14,444
2024-12-17,444
2025-03-26,444
2025-07-10,444
2025-10-31,444
2025-11-21,444
2025-12-09,444
2020-01-26,445
2020-04-08,445
2020-04-12,445
2020-05-28,445
2020-06-12,445
2020-08-06,445
2020-08-28,445
2020-08-29,445
2020-09-04,445
2020-10-25,445
2020-10-29,445
2020-11-25,445
2020-12-16,445
2021-01-25,445
2021-02-01,445
2021-07-20,445
2021-11-21,445
2022-03-29,445
2022-06-10,445
2022-09-07,445
2022-09-24,445
2022-11-20,445
2022-11-28,445
2022-12-21,445
2023-01-01,445
2023-08-26,445
2023-09-23,445
2024-10-30,445
2024-11-07,445
2024-11-23,445
2024-12-22,445
2025-01-04,445
2025-02-15,445
2025-02-26,445
2025-03-31,445
2025-06-19,445
2025-11-14,445
2025-12-01,445
2020-02-08,446
2020-02-14,446
2020-03-19,446
2020-04-07,446
2020-10-03,446
2020-10-06,446
2020-11-10,446
2021-02-11,446
2021-04-05,446
2021-07-03,446
2021-08-02,446
2021-10-02,446
2021-10-28,446
2021-11-19,446
2021-11-23,446
2022-01-15,446
2022-02-24,446
2022-05-26,446
2022-06-13,446
2022-06-22,446
2022-09-06,446
2022-11-08,446
2023-06-22,446
2023-10-30,446
2024-01-17,446
2024-02-07,446
2024-02-27,446
2024-03-16,446
2024-07-20,446
2024-11-06,446
2024-11-11,446
2025-01-03,446
2025-01-19,446
2025-02-08,446
2025-03-18,446
2025-04-22,446
2025-05-03,446
2025-05-24,446
2025-12-25,446
2020-09-22,447
2020-09-27,447
2020-10-11,447
2020-11-20,447
2021-02-07,447
2021-02-20,447
2021-03-21,447
2021-04-15,447
2021-04-22,447
2021-05-29,447
2021-06-22,447
2021-06-24,447
2021-07-04,447
2021-07-16,447
2021-07-22,447
2021-08-27,447
2021-10-01,447
2021-10-05,447
2021-10-26,447
2022-01-10,447
2022-02-23,447
2022-04-29,447
2022-05-29,447
2022-07-19,447
2022-09-11,447
2022-11-29,447
2022-12-08,447
2023-01-10,447
2023-01-11,447
2023-03-28,447
2023-05-29,447
2023-06-24,447
2023-06-30,447
2023-07-23,447
2023-08-05,447
2023-09-02,447
2023-10-19,447
2023-11-07,447
2023-12-28,447
2024-01-31,447
2024-02-04,447
2024-02-06,447
2024-04-04,447
2024-05-26,447
2024-07-14,447
2024-07-23,447
2024-08-03,447
2024-08-25,447
2024-09-01,447
2024-12-09,447
2025-03-17,447
2025-03-22,447
2025-03-29,447
2025-05-09,447
2025-07-01,447
2025-08-18,447
2025-09-22,447
2025-11-23,447
2020-02-07,448
2020-05-29,448
2020-06-17,448
2020-06-21,448
2020-08-16,448
2020-09-18,448
2020-12-17,448
2020-12-30,448
2021-02-04,448
2021-02-14,448
2021-02-24,448
2021-07-10,448
2021-08-20,448
2021-08-26,448
2021-09-08,448
2021-09-20,448
2021-10-10,448
2021-11-18,448
2021-12-30,448
2022-01-09,448
2022-02-07,448
2022-02-10,448
2022-04-04,448
2022-05-06,448
2022-05-11,448
2022-07-02,448
2022-10-02,448
2022-10-29,448
2022-12-05,448
2022-12-15,448
2023-02-26,448
2023-07-09,448
2023-07-18,448
2023-08-08,448
2024-03-04,448
2024-05-25,448
2024-08-23,448
2024-08-24,448
2024-09-19,448
2024-10-22,448
2024-11-19,448
2024-11-26,448
2025-03-11,448
2025-04-08,448
2025-04-25,448
2025-05-05,448
2025-05-31,448
2025-08-31,448
2025-10-01,448
2025-12-07,448
2020-03-26,449
2020-05-20,449
2020-05-22,449
2020-05-23,449
2020-05-31,449
2020-06-08,449
2020-07-04,449
2020-08-08,449
2020-08-20,449
2020-09-07,449
2021-01-11,449
2021-05-28,449
2021-06-03,449
2021-06-27,449
2021-09-17,449
2022-01-28,449
2022-04-08,449
2022-05-05,449
2022-05-09,449
2022-08-19,449
2022-10-04,449
2022-11-01,449
2022-11-18,449
2022-12-10,449
2023-01-06,449
2023-04-09,449
2023-05-25,449
2023-07-06,449
2023-08-10,449
2023-11-08,449
2023-12-11,449
2023-12-19,449
2024-02-26,449
2024-06-15,449
2024-07-31,449
2024-08-02,449
2024-08-08,449
2024-08-16,449
2024-08-26,449
2024-10-08,449
2024-11-28,449
2024-11-29,449
2025-06-28,449
2025-07-14,449
2025-10-18,449
2025-12-14,449
2025-12-29,449
2020-01-09,450
2020-02-12,450
2020-05-11,450
2020-08-07,450
2020-08-10,450
2020-10-19,450
2020-10-21,450
2020-11-18,450
2021-04-08,450
2021-04-10,450
2021-04-19,450
2021-09-28,450
2021-12-01,450
2022-01-20,450
2022-02-25,450
2022-06-27,450
2022-07-26,450
2022-08-28,450
2022-10-10,450
2023-02-03,450
2023-02-09,450
2023-02-19,450
2023-05-31,450
2023-06-26,450
2023-11-29,450
2024-01-15,450
2024-01-16,450
2024-03-05,450
2024-05-05,450
2024-05-10,450
2024-08-19,450
2024-10-11,450
2024-11-05,450
2025-01-10,450
2025-03-23,450
2025-10-03,450
2025-11-30,450
2020-06-18,451
2020-07-22,451
2020-08-15,451
2020-09-08,451
2020-10-09,451
2020-11-30,451
2020-12-07,451
2021-02-06,451
2021-03-07,451
2021-04-13,451
2021-05-02,451
2021-06-23,451
2021-07-19,451
2021-07-29,451
2022-01-22,451
2022-02-03,451
2022-02-20,451
2022-06-06,451
2022-08-02,451
2022-08-16,451
2022-09-18,451
2022-10-16,451
2022-10-23,451
2022-12-14,451
2023-02-28,451
2023-03-31,451
2023-04-27,451
2023-04-30,451
2023-05-14,451
2023-06-02,451
2023-09-09,451
2023-10-10,451
2023-11-28,451
2024-01-03,451
2024-02-20,451
2024-03-15,451
2024-08-21,451
2024-09-11,451
2025-01-05,451
2025-01-16,451
2025-02-22,451
2025-03-25,451
2025-05-28,451
2025-06-06,451
2025-07-21,451
2025-12-17,451
2020-01-06,452
2020-02-24,452
2020-02-29,452
2020-03-02,452
2020-05-04,452
2020-05-05,452
2020-05-06,452
2020-05-26,452
2020-09-03,452
2021-03-10,452
2021-03-19,452
2021-04-09,452
2021-05-01,452
2022-03-14,452
2022-04-13,452
2022-05-17,452
2023-05-09,452
2023-05-10,452
2023-07-27,452
2023-10-26,452
2023-11-15,452
2023-12-21,452
2023-12-24,452
2023-12-25,452
2024-04-08,452
2024-08-06,452
2024-08-27,452
2024-11-09,452
2024-11-13,452
2025-02-11,452
2025-04-30,452
2025-06-20,452
2025-06-27,452
2020-01-16,453
2020-02-06,453
2020-03-05,453
2020-04-29,453
2020-07-06,453
2020-08-19,453
2020-08-26,453
2020-10-23,453
2020-11-09,453
2021-02-19,453
2021-05-16,453
2021-05-23,453
2021-10-14,453
2021-10-21,453
2021-12-03,453
2022-02-13,453
2022-03-25,453
2022-04-10,453
2022-09-01,453
2022-09-13,453
2022-09-26,453
2022-10-15,453
2022-10-25,453
2022-12-25,453
2023-01-16,453
2023-02-12,453
2023-06-03,453
2023-07-13,453
2023-09-26,453
2023-10-11,453
2023-10-23,453
2023-12-06,453
2023-12-14,453
2024-01-06,453
2024-02-03,453
2024-02-12,453
2024-02-24,453
2024-05-14,453
2024-09-18,453
2024-09-21,453
2024-09-29,453
2024-10-25,453
2025-01-12,453
2025-03-09,453
2025-03-12,453
2025-03-28,453
2025-04-04,453
2025-07-26,453
2025-08-26,453
2025-11-11,453
2025-11-29,453
2025-12-28,453
2020-01-31,454
2020-02-28,454
2020-03-06,454
2020-04-10,454
2020-04-22,454
2020-06-09,454
2020-09-28,454
2020-11-06,454
2020-11-07,454
2020-11-29,454
2021-01-05,454
2021-03-04,454
2021-03-13,454
2021-03-14,454
2021-04-24,454
2021-06-28,454
2021-07-11,454
2021-08-14,454
2021-10-06,454
2021-11-07,454
2021-11-10,454
2021-12-17,454
2021-12-29,454
2022-01-17,454
2022-02-06,454
2022-02-15,454
2022-02-21,454
2022-06-15,454
2022-06-29,454
2022-07-09,454
2022-09-29,454
2022-10-28,454
2023-01-15,454
2023-02-01,454
2023-07-12,454
2023-12-02,454
2024-02-29,454
2024-09-07,454
2024-09-13,454
2024-10-28,454
2024-12-24,454
2025-01-28,454
2025-08-09,454
2020-05-02,455
2020-07-09,455
2020-09-14,455
2020-09-21,455
2020-10-13,455
2020-11-05,455
2020-12-01,455
2021-04-28,455
2021-04-29,455
2021-05-04,455
2021-06-05,455
2021-07-09,455
2021-09-01,455
2021-11-22,455
2022-05-01,455
2022-09-23,455
2022-10-27,455
2023-03-10,455
2023-04-20,455
2023-07-07,455
2023-07-21,455
2023-08-12,455
2024-01-05,455
2024-02-25,455
2024-08-04,455
2024-09-24,455
2024-11-02,455
2024-11-10,455
2025-01-26,455
2025-02-06,455
2025-04-10,455
2025-05-02,455
2025-06-25,455
2025-07-04,455
2025-10-16,455
2025-11-26,455
2020-02-15,456
2020-04-21,456
2020-07-27,456
2020-10-14,456
2020-12-06,456
2020-12-18,456
2021-01-14,456
2021-01-17,456
2021-01-18,456
2021-04-14,456
2021-06-02,456
2021-06-13,456
2021-07-12,456
2021-08-05,456
2021-09-03,456
2021-10-18,456
2021-11-30,456
2022-02-14,456
2022-02-28,456
2022-03-06,456
2022-03-26,456
2022-05-23,456
2022-06-21,456
2023-02-07,456
2023-03-11,456
2023-06-14,456
2023-07-05,456
2023-08-03,456
2023-09-01,456
2023-09-12,456
2023-11-21,456
2024-05-16,456
2024-06-04,456
2024-06-28,456
2024-07-09,456
2024-07-12,456
2024-08-17,456
2025-06-07,456
2025-10-12,456
2025-12-05,456
2020-02-03,457
2020-03-25,457
2020-03-27,457
2020-06-01,457
2020-06-22,457
2020-07-01,457
2020-07-25,457
2020-10-22,457
2020-11-17,457
2020-11-26,457
2020-12-23,457
2021-01-22,457
2021-02-25,457
2022-01-18,457
2022-02-08,457
2022-08-21,457
2022-09-10,457
2022-10-03,457
2022-10-21,457
2022-12-27,457
2023-06-07,457
2023-06-20,457
2023-07-30,457
2023-09-28,457
2023-10-29,457
2023-10-31,457
2023-11-16,457
2024-01-01,457
2024-03-12,457
2024-04-17,457
2024-07-10,457
2024-10-20,457
2024-12-06,457
2024-12-07,457
2024-12-12,457
2025-01-07,457
2025-03-01,457
2025-04-15,457
2025-05-11,457
2025-09-09,457
2025-09-16,457
2025-09-30,457
2020-04-04,458
2020-04-11,458
2020-04-25,458
2020-07-24,458
2020-08-05,458
2020-08-25,458
2020-11-16,458
2021-02-18,458
2021-07-27,458
2021-09-06,458
2021-09-09,458
2021-09-19,458
2021-10-15,458
2021-12-24,458
2022-04-07,458
2022-04-26,458
2022-04-30,458
2023-03-01,458
2023-04-25,458
2023-05-03,458
2023-05-21,458
2023-07-08,458
2023-07-25,458
2024-01-30,458
2024-07-11,458
2024-11-04,458
2024-12-14,458
2025-03-06,458
2025-04-03,458
2025-04-29,458
2025-05-21,458
2025-11-22,458
2025-12-02,458
2020-03-23,459
2020-04-24,459
2020-04-26,459
2020-07-02,459
2020-07-15,459
2020-10-08,459
2020-10-30,459
2020-11-02,459
2021-01-24,459
2021-08-25,459
2021-10-03,459
2021-11-13,459
2022-02-12,459
2022-04-05,459
2022-12-18,459
2023-01-04,459
2023-01-30,459
2023-02-13,459
2023-09-24,459
2023-10-04,459
2024-02-19,459
2024-02-28,459
2024-06-21,459
2024-07-24,459
2024-12-31,459
2025-06-13,459
2025-07-12,459
2025-07-30,459
2025-08-17,459
2025-09-12,459
2025-10-17,459
2020-02-20,460
2020-07-21,460
2020-09-01,460
2020-10-04,460
2020-11-04,460
2021-01-10,460
2021-03-03,460
2021-04-04,460
2021-04-11,460
2021-07-25,460
2021-08-12,460
2021-10-08,460
2021-10-19,460
2021-12-05,460
2021-12-06,460
2022-03-17,460
2022-04-24,460
2022-05-30,460
2022-06-14,460
2022-08-25,460
2022-09-12,460
2022-09-14,460
2023-01-19,460
2023-02-04,460
2023-03-06,460
2023-04-03,460
2023-06-21,460
2023-10-15,460
2023-10-18,460
2023-11-11,460
2024-05-11,460
2024-07-26,460
2024-09-04,460
2024-10-06,460
2025-03-04,460
2025-03-27,460
2025-05-10,460
2025-06-11,460
2025-06-14,460
2025-08-22,460
2025-10-26,460
2025-11-28,460
2020-01-02,461
2020-03-14,461
2020-05-10,461
2020-07-28,461
2020-12-13,461
2021-01-30,461
2021-03-29,461
2021-05-25,461
2021-08-07,461
2021-08-08,461
2021-09-02,461
2021-09-04,461
2021-09-05,461
2021-10-30,461
2021-11-09,461
2022-03-04,461
2022-03-28,461
2022-04-27,461
2022-07-04,461
2022-09-09,461
2022-11-30,461
2022-12-03,461
2022-12-29,461
2023-01-23,461
2023-03-03,461
2023-03-27,461
2023-04-11,461
2023-05-12,461
2023-06-10,461
2023-08-14,461
2023-08-23,461
2023-09-03,461
2023-12-13,461
2024-01-22,461
2024-02-22,461
2024-05-02,461
2024-06-07,461
2024-09-20,461
2025-01-23,461
2025-02-13,461
2025-03-10,461
2025-04-23,461
2025-06-02,461
2025-08-05,461
2025-09-23,461
2025-10-05,461
2020-01-22,462
2020-07-10,462
2020-08-24,462
2020-11-01,462
2020-11-21,462
2020-12-09,462
2020-12-26,462
2021-05-24,462
2021-06-12,462
2021-06-18,462
2021-07-23,462
2021-08-03,462
2021-08-22,462
2021-09-18,462
2021-11-03,462
2022-03-10,462
2022-03-27,462
2022-05-25,462
2022-06-04,462
2022-06-05,462
2022-06-28,462
2022-07-29,462
2022-11-25,462
2023-10-12,462
2024-02-13,462
2024-05-01,462
2024-07-02,462
2024-08-07,462
2025-04-13,462
2025-05-18,462
2025-05-26,462
2025-05-27,462
2025-06-01,462
2025-07-08,462
2025-08-30,462
2025-09-14,462
2025-11-24,462
2025-12-18,462
2020-03-15,463
2020-04-27,463
2020-06-02,463
2020-09-26,463
2020-10-28,463
2020-12-14,463
2021-02-27,463
2021-04-18,463
2021-05-22,463
2021-06-21,463
2021-08-13,463
2021-09-29,463
2021-11-12,463
2021-12-21,463
2022-01-08,463
2022-01-12,463
2022-01-25,463
2022-03-15,463
2022-04-22,463
2022-05-02,463
2022-06-19,463
2022-06-30,463
2022-08-08,463
2022-10-24,463
2022-11-05,463
2022-12-04,463
2023-05-08,463
2023-07-15,463
2023-07-19,463
2023-09-13,463
2023-11-06,463
2024-04-18,463
2024-06-27,463
2024-09-22,463
2024-10-07,463
2024-11-15,463
2025-05-01,463
2025-05-25,463
2025-07-09,463
2025-07-20,463
2025-10-28,463
2025-11-13,463
2025-12-19,463
2020-01-27,464
2020-06-04,464
2020-08-17,464
2020-12-11,464
2020-12-22,464
2021-01-31,464
2021-02-28,464
2021-03-15,464
2021-03-16,464
2021-06-14,464
2021-07-26,464
2022-02-11,464
2022-03-30,464
2022-07-22,464
2022-08-05,464
2022-09-20,464
2023-02-18,464
2023-04-02,464
2023-07-22,464
2023-08-13,464
2023-08-15,464
2023-09-25,464
2023-10-07,464
2023-10-09,464
2023-11-01,464
2023-11-04,464
2024-05-18,464
2024-07-05,464
2024-07-08,464
2024-10-09,464
2025-02-04,464
2025-02-20,464
2025-04-09,464
2025-04-17,464
2025-05-16,464
2025-06-16,464
2025-06-18,464
2025-08-11,464
2025-10-07,464
2025-10-25,464
2025-12-20,464
2020-01-18,465
2020-02-11,465
2020-04-09,465
2020-06-07,465
2020-09-15,465
2020-12-29,465
2021-01-16,465
2021-01-26,465
2021-04-30,465
2021-07-30,465
2021-10-31,465
2021-11-24,465
2022-01-31,465
2022-06-23,465
2022-07-18,465
2022-10-30,465
2022-11-14,465
2023-01-28,465
2023-02-15,465
2023-02-27,465
2023-03-04,465
2023-10-03,465
2023-11-10,465
2024-02-11,465
2024-05-24,465
2024-06-03,465
2024-10-24,465
2025-02-07,465
2025-02-12,465
2025-03-02,465
2025-07-22,465
2020-01-03,466
2020-01-28,466
2020-03-28,466
2020-04-14,466
2020-05-01,466
2021-06-29,466
2021-08-04,466
2021-09-14,466
2021-09-25,466
2021-10-09,466
2021-10-17,466
2021-11-27,466
2021-12-14,466
2021-12-15,466
2022-01-24,466
2022-05-20,466
2022-07-05,466
2022-07-06,466
2022-08-31,466
2022-09-05,466
2022-11-26,466
2022-12-01,466
2022-12-24,466
2023-03-05,466
2023-05-16,466
2023-08-28,466
2023-09-27,466
2023-10-22,466
2024-03-26,466
2024-06-22,466
2024-08-15,466
2024-08-18,466
2024-10-12,466
2024-11-20,466
2024-12-03,466
2024-12-10,466
2025-01-15,466
2025-01-22,466
2025-02-01,466
2025-04-01,466
2025-04-12,466
2025-04-28,466
2025-06-10,466
2025-10-29,466
2020-05-07,467
2020-05-13,467
2020-08-09,467
2020-08-13,467
2020-10-18,467
2021-01-08,467
2021-01-23,467
2021-03-09,467
2021-03-26,467
2021-05-21,467
2021-05-30,467
2021-07-15,467
2021-07-28,467
2021-08-16,467
2021-11-01,467
2021-12-27,467
2022-02-18,467
2022-04-12,467
2022-04-23,467
2022-05-15,467
2022-06-18,467
2022-07-20,467
2022-08-27,467
2022-10-26,467
2022-11-03,467
2022-11-13,467
2022-12-07,467
2022-12-23,467
2023-03-07,467
2023-04-18,467
2023-05-15,467
2023-08-11,467
2023-08-31,467
2023-10-27,467
2023-11-30,467
2024-01-04,467
2024-01-19,467
2024-03-21,467
2024-06-20,467
2024-07-03,467
2024-07-28,467
2024-09-02,467
2024-10-02,467
2024-12-11,467
2024-12-13,467
2025-01-11,467
2025-05-07,467
2025-08-10,467
2025-12-08,467
2025-12-13,467
2020-01-29,468
2020-04-02,468
2020-04-20,468
2020-05-03,468
2020-06-03,468
2020-07-30,468
2020-11-28,468
2021-07-02,468
2021-12-07,468
2021-12-31,468
2022-01-16,468
2022-02-01,468
2023-02-23,468
2023-11-17,468
2023-11-25,468
2023-12-04,468
2023-12-29,468
2024-07-30,468
2024-10-10,468
2025-03-07,468
2025-09-07,468
2025-10-20,468
2020-04-16,469
2020-07-13,469
2020-10-15,469
2021-03-05,469
2021-03-30,469
2021-10-07,469
2021-11-28,469
2021-12-12,469
2022-03-13,469
2022-07-23,469
2022-07-24,469
2022-08-13,469
2022-08-23,469
2022-09-16,469
2023-03-24,469
2023-05-24,469
2024-01-02,469
2024-02-21,469
2024-06-14,469
2024-08-14,469
2024-11-08,469
2025-02-25,469
2025-05-04,469
2025-09-03,469
2025-10-04,469
2025-10-22,469
2020-01-08,470
2020-02-18,470
2020-04-19,470
2020-05-12,470
2020-06-11,470
2020-09-29,470
2020-10-10,470
2020-11-08,470
2020-11-12,470
2021-03-08,470
2021-07-05,470
2021-08-19,470
2022-05-08,470
2022-07-17,470
2022-08-26,470
2023-01-18,470
2023-01-25,470
2023-02-22,470
2023-05-13,470
2023-08-02,470
2023-12-31,470
2024-01-10,470
2024-03-02,470
2024-03-03,470
2024-03-07,470
2024-03-25,470
2024-04-16,470
2024-05-31,470
2024-06-17,470
2024-07-18,470
2024-08-11,470
2025-05-12,470
2025-10-13,470
2025-11-03,470
2020-02-26,471
2020-03-08,471
2020-04-23,471
2020-06-15,471
2020-08-21,471
2020-09-16,471
2020-10-24,471
2020-11-03,471
2021-01-06,471
2021-05-11,471
2021-09-13,471
2021-10-29,471
2021-11-11,471
2021-12-16,471
2021-12-22,471
2022-02-02,471
2022-07-11,471
2022-07-27,471
2022-08-14,471
2022-10-20,471
2022-11-24,471
2023-03-02,471
2023-05-18,471
2023-05-28,471
2023-06-01,471
2023-08-29,471
2023-09-22,471
2023-10-02,471
2023-12-05,471
2023-12-10,471
2024-07-04,471
2024-09-05,471
2024-10-05,471
2025-01-17,471
2025-05-22,471
2025-10-21,471
2025-12-04,471
2025-12-11,471
2020-07-08,472
2020-12-03,472
2021-02-12,472
2021-04-16,472
2022-01-05,472
2022-04-16,472
2022-05-21,472
2022-06-16,472
2022-10-07,472
2022-11-27,472
2023-01-02,472
2023-01-07,472
2023-07-14,472
2023-11-12,472
2023-12-15,472
2024-04-23,472
2024-05-12,472
2024-05-21,472
2024-06-30,472
2024-07-22,472
2024-08-12,472
2025-01-01,472
2025-10-15,472
2025-12-03,472
2020-03-03,473
2020-03-21,473
2020-05-21,473
2020-06-19,473
2020-06-25,473
2020-09-02,473
2021-01-13,473
2021-01-19,473
2021-01-27,473
2021-03-17,473
2021-03-25,473
2021-05-05,473
2021-08-21,473
2021-09-26,473
2021-10-23,473
2022-01-29,473
2022-05-10,473
2022-09-25,473
2022-10-19,473
2022-12-31,473
2023-03-13,473
2023-05-19,473
2023-07-02,473
2024-01-09,473
2024-01-24,473
2024-02-01,473
2024-02-15,473
2024-04-22,473
2024-04-28,473
2024-05-04,473
2024-06-01,473
2024-06-24,473
2024-07-06,473
2024-10-17,473
2024-10-23,473
2025-02-10,473
2025-04-27,473
2025-05-13,473
2025-06-23,473
2025-07-31,473
2025-08-14,473
2025-08-29,473
2025-11-08,473
2020-05-16,474
2020-06-29,474
2020-08-11,474
2020-08-23,474
2020-11-14,474
2020-12-08,474
2021-05-13,474
2021-12-10,474
2022-03-02,474
2022-09-19,474
2022-11-12,474
2023-01-22,474
2023-07-10,474
2023-08-20,474
2024-02-08,474
2024-05-03,474
2024-06-10,474
2024-08-31,474
2024-10-16,474
2025-03-20,474
2025-11-19,474
2020-02-19,475
2020-06-10,475
2020-06-23,475
2020-07-11,475
2020-09-11,475
2021-01-20,475
2021-02-23,475
2021-09-21,475
2021-12-04,475
2022-06-02,475
2022-08-04,475
2022-08-29,475
2023-03-19,475
2023-04-28,475
2023-05-20,475
2024-02-09,475
2024-03-30,475
2024-05-23,475
2024-06-16,475
2024-06-26,475
2024-12-16,475
2024-12-26,475
2024-12-28,475
2025-01-18,475
2025-03-21,475
2025-03-24,475
2025-05-06,475
2025-07-03,475
2025-08-12,475
2020-02-23,476
2020-08-14,476
2020-10-17,476
2021-03-23,476
2021-11-08,476
2021-12-19,476
2022-04-21,476
2022-07-31,476
2023-02-10,476
2023-03-18,476
2024-05-08,476
2024-07-25,476
2024-10-14,476
2024-10-26,476
2024-11-03,476
2024-11-27,476
2025-03-16,476
2025-08-16,476
2025-09-08,476
2025-10-14,476
2020-07-17,477
2020-12-20,477
2021-02-09,477
2021-03-24,477
2021-05-31,477
2021-09-27,477
2022-01-13,477
2022-07-25,477
2022-10-06,477
2023-12-27,477
2024-03-11,477
2024-03-20,477
2024-03-23,477
2024-03-24,477
2024-05-07,477
2024-06-19,477
2024-11-17,477
2025-01-31,477
2025-05-19,477
2021-01-03,478
2021-02-03,478
2021-02-10,478
2021-06-15,478
2021-11-25,478
2022-04-01,478
2022-08-06,478
2022-10-31,478
2022-11-17,478
2022-11-21,478
2022-11-22,478
2023-01-09,478
2023-04-04,478
2023-06-28,478
2023-09-10,478
2024-04-21,478
2024-05-13,478
2024-06-08,478
2024-09-15,478
2024-12-29,478
2025-02-28,478
2020-01-20,479
2020-03-17,479
2020-09-23,479
2020-11-15,479
2022-03-12,479
2022-10-12,479
2022-10-22,479
2022-11-19,479
2022-12-26,479
2023-01-14,479
2023-02-16,479
2023-03-08,479
2023-11-02,479
2023-11-27,479
2024-04-15,479
2024-09-10,479
2024-09-27,479
2025-02-02,479
2025-03-08,479
2025-05-17,479
2025-06-22,479
2025-09-02,479
2025-11-20,479
2020-03-29,480
2020-06-14,480
2020-06-28,480
2020-09-30,480
2020-12-21,480
2021-04-07,480
2021-04-17,480
2021-08-30,480
2022-01-19,480
2022-06-08,480
2023-11-05,480
2024-05-19,480
2024-08-13,480
2024-10-04,480
2024-12-25,480
2025-03-15,480
2025-04-02,480
2025-07-06,480
2025-08-01,480
2020-02-16,481
2020-10-12,481
2021-03-12,481
2022-02-26,481
2023-04-19,481
2023-04-26,481
2023-08-04,481
2023-09-06,481
2023-09-15,481
2023-09-20,481
2023-10-16,481
2024-03-13,481
2025-07-24,481
2025-10-23,481
2025-10-30,481
2020-01-21,482
2020-02-09,482
2020-04-05,482
2021-04-01,482
2021-05-10,482
2021-05-14,482
2021-06-04,482
2022-01-07,482
2022-01-14,482
2022-01-27,482
2022-07-30,482
2022-12-09,482
2023-07-26,482
2023-10-17,482
2023-10-21,482
2023-11-23,482
2023-11-26,482
2023-12-20,482
2023-12-22,482
2024-07-29,482
2024-09-16,482
2024-12-18,482
2020-03-07,483
2020-10-01,483
2020-12-27,483
2021-01-29,483
2021-03-31,483
2022-07-13,483
2022-12-22,483
2023-04-06,483
2023-05-27,483
2023-11-19,483
2023-11-20,483
2024-05-09,483
2024-05-30,483
2024-07-07,483
2024-08-30,483
2024-11-01,483
2024-12-08,483
2025-03-19,483
2025-04-26,483
2025-06-05,483
2020-01-25,484
2020-04-17,484
2020-05-18,484
2020-06-20,484
2020-08-30,484
2020-09-09,484
2020-12-24,484
2021-03-01,484
2021-05-20,484
2021-07-01,484
2021-07-21,484
2021-11-04,484
2021-11-06,484
2022-06-03,484
2023-03-30,484
2023-04-12,484
2023-06-17,484
2024-03-17,484
2024-11-24,484
2025-02-09,484
2025-07-29,484
2021-03-02,485
2021-06-08,485
2021-08-28,485
2022-01-03,485
2022-01-21,485
2022-04-09,485
2022-05-19,485
2022-12-02,485
2023-06-25,485
2024-07-21,485
2024-09-08,485
2025-01-13,485
2025-02-19,485
2025-08-04,485
2025-09-20,485
2025-11-10,485
2020-03-12,486
2020-05-14,486
2020-08-03,486
2020-12-05,486
2020-12-31,486
2021-12-23,486
2022-03-24,486
2022-08-11,486
2022-09-21,486
2022-11-16,486
2023-02-02,486
2023-02-20,486
2023-04-05,486
2023-10-25,486
2024-03-18,486
2024-09-06,486
2024-10-03,486
2025-05-23,486
2020-01-24,487
2020-07-23,487
2020-09-19,487
2022-09-04,487
2022-11-04,487
2023-04-17,487
2023-06-04,487
2023-08-25,487
2023-12-01,487
2024-05-22,487
2025-11-18,487
2025-11-27,487
2025-12-16,487
2020-02-13,488
2021-04-02,488
2022-03-20,488
2022-05-24,488
2022-12-16,488
2023-08-30,488
2024-04-05,488
2024-05-15,488
2024-07-19,488
2024-08-20,488
2025-01-02,488
2025-04-18,488
2025-05-14,488
2025-06-17,488
2020-01-01,489
2020-02-17,489
2020-07-03,489
2020-09-13,489
2020-10-26,489
2021-02-26,489
2021-12-25,489
2022-03-08,489
2022-05-22,489
2022-08-09,489
2022-08-20,489
2022-11-09,489
2022-12-06,489
2022-12-19,489
2023-04-08,489
2023-05-30,489
2024-01-07,489
2025-08-15,489
2025-11-25,489
2020-10-07,490
2020-12-12,490
2023-09-05,490
2024-03-22,490
2024-08-28,490
2024-09-26,490
2024-12-15,490
2020-01-17,491
2020-07-12,491
2020-07-14,491
2020-12-19,491
2021-06-19,491
2022-08-10,491
2022-09-08,491
2024-07-13,491
2025-06-09,491
2025-11-05,491
2020-06-24,492
2020-12-02,492
2021-07-07,492
2021-08-06,492
2022-10-01,492
2022-12-11,492
2023-12-08,492
2024-06-23,492
2025-01-27,492
2025-02-03,492
2025-08-06,492
2025-12-15,492
2020-05-27,493
2021-02-05,493
2022-05-03,493
2023-06-16,493
2025-05-08,493
2020-04-15,494
2022-07-14,494
2022-09-17,494
2023-02-11,494
2023-03-15,494
2020-03-31,495
2020-06-30,495
2022-03-09,495
2022-04-11,495
2022-12-30,495
2023-09-18,495
2024-04-12,495
2021-01-28,496
2024-01-29,496
2024-04-25,496
2025-07-11,496
2025-10-09,496
2020-03-24,497
2020-05-08,497
2022-05-28,497
2022-11-11,497
2024-03-06,497
2025-03-30,497
2025-08-08,497
2021-06-06,498
2021-12-28,498
2023-05-02,498
2024-04-03,498
2024-05-17,498
2024-11-30,498
2025-08-19,498
2020-08-18,499
2021-08-10,499
2022-07-28,499
2022-11-07,499
2025-12-22,499
2024-04-20,500
2024-11-22,500
2020-09-25,501
2022-05-16,501
2023-03-23,501
2024-01-12,501
2024-03-08,501
2024-06-29,501
2020-03-22,502
2021-10-11,502
2021-11-14,502
2023-12-03,502
2024-01-26,502
2024-02-18,502
2020-02-05,503
2023-07-31,503
2023-08-27,503
2024-05-20,503
2025-12-10,503
2020-09-10,504
2021-05-19,504
2021-11-29,504
2022-10-05,504
2023-08-17,504
2024-04-01,504
2021-10-20,505
2020-03-11,506
2021-12-02,506
2022-08-22,506
2023-03-25,506
2020-01-07,507
2020-01-14,507
2022-01-30,507
2023-01-29,507
2024-11-12,507
2025-04-07,507
2025-07-23,507
2025-08-25,507
2024-08-09,508
2024-09-30,508
2021-03-11,509
2022-02-09,510
2025-04-21,511
2023-01-20,512
2023-09-14,512
2021-02-15,514
2020-03-16,516
2021-09-12,516
2024-01-21,516
2025-10-10,518
2022-04-03,519
2025-04-11,520
2021-12-08,521
2025-12-24,522
2025-05-15,524
2023-06-15,530
